{
    "sceneIndex": 2,
    "deathCount": 0,
    "respawnPoint": {
        "x": 179.08999633789063,
        "y": -36.779998779296878
    },
    "jellyColoring": 2,
    "mainColoring": 2,
    "isEyeBallList": []
}